onset	duration	trial_type
0.029605399999127258	1.0000070000023698	:; $+
1.0352813999998034	1.0000075999996625	 #^=-
2.0390471999999136	1.000007499998901	:?$µ
3.0425809000007575	1.0000053999974625	###
4.04802579999523	1.0000078999946709	Pomme
5.052002799995535	1.0000072000038926	Poire
6.056412300000375	1.000008800001524	:; $+
7.060383999996702	1.0000080999961938	 #^=-
8.064231299998937	1.0000081999969552	:?$µ
9.067895000000135	1.000005300003977	###
