onset	duration	stimuli	trial_type
0.0019001000036951154	4.000007900001947	Cross	Fixation
4.08050319999893	3.2712432999978773	grøn_yellow	Stimuli
