onset	duration	stimuli	trial_type
0.0019108999986201525	4.000006200003554	Cross	Fixation
4.010834799999429	3.237612299999455	grøn_yellow	Stimuli
