onset	duration	stimuli	trial_type
0.0019142000019201078	4.000009100003808	Cross	Fixation
4.006767899998522	3.2520308999955887	grøn_yellow	Stimuli
