onset	duration	trial_type	stim_file
0.1062960999988718	2.0000049999944167	Fixation	None
2.106459200003883	2.0039107000047807	Stimuli	Paradigme_video/Stimuli/body3.mp4
4.199809600002482	2.0000121999910334	Fixation	None
6.200387999997474	2.0000123000063468	Stimuli	Paradigme_video/Stimuli/body3_scr.mp4
8.332989700007602	2.0000048000074457	Fixation	None
10.333226000002469	2.003100000001723	Stimuli	Paradigme_video/Stimuli/body7_scr.mp4
12.503741499996977	2.0000049999944167	Fixation	None
14.504003499998362	2.0044838000030722	Stimuli	Paradigme_video/Stimuli/body8_scr.mp4
16.517218499997398	2.0000170999992406	Fixation	None
