onset	duration	trial_type	stim_file
0.10406260000308976	2.0000073999981396	Fixation	None
2.1042464000056498	2.004046500005643	Stimuli	Paradigme_video/Stimuli/body3.mp4
4.210484099996393	2.0000047000066843	Fixation	None
6.210701300005894	2.006085700006224	Stimuli	Paradigme_video/Stimuli/body3_scr.mp4
8.332206099992618	2.0000061000027927	Fixation	None
10.332417600002373	2.0091672999988077	Stimuli	Paradigme_video/Stimuli/body7_scr.mp4
12.467217299999902	2.0000081000034697	Fixation	None
14.467459399995278	2.0061623999936273	Stimuli	Paradigme_video/Stimuli/body8_scr.mp4
16.48348249999981	2.000014800010831	Fixation	None
