onset	duration	trial_type	angle	stim_file
0.036414499998500105	1.0000058000005083	Stimuli	0	body1_scr_static.jpeg
1.039378299996315	2.000006199996278	Fixation	None	None
3.0678837999948882	1.0000071000031312	Stimuli	23	body11_static.jpeg
4.071485499996925	2.0000070000023698	Fixation	None	None
6.100829999995767	1.0000072999973781	Stimuli	180	body14_static.jpeg
7.104521900000691	2.000005499998224	Fixation	None	None
