onset	duration	trial_type	stim_file
0.15287930000340566	2.0000073999981396	Fixation	None
2.15314650000073	2.0064069000072777	Stimuli	Paradigme_video/Stimuli/body3.mp4
4.2636001000064425	2.0000049999944167	Fixation	None
6.26376820000587	2.0018614000000525	Stimuli	Paradigme_video/Stimuli/body3_scr.mp4
8.383367100002943	2.0000055999989854	Fixation	None
10.38357520000136	2.011386300000595	Stimuli	Paradigme_video/Stimuli/body7_scr.mp4
12.533937900007004	2.0000185999961104	Fixation	None
14.535156099998858	2.0167166000028374	Stimuli	Paradigme_video/Stimuli/body8_scr.mp4
16.561940800005686	2.000055100012105	Fixation	None
